cluster_id,bucket,dedup_role,canonical_cluster_id,kinds,total_chars
84636,REVIEW,canonical,84636,summary;headmatter,1938
84637,REVIEW,canonical,84637,summary;headmatter,504
84640,REVIEW,canonical,84640,summary;headmatter,3118
84641,REVIEW,canonical,84641,summary;headmatter,3456
84651,REVIEW,canonical,84651,summary;headmatter,1810
84653,REVIEW,canonical,84653,summary;headmatter,15162
84654,REVIEW,canonical,84654,summary;headmatter,12882
84655,REVIEW,canonical,84655,summary;headmatter,23837
84656,REVIEW,canonical,84656,summary;headmatter,797
84658,REVIEW,canonical,84658,summary;headmatter,1299
84659,REVIEW,canonical,84659,summary;headmatter,1366
84660,REVIEW,canonical,84660,headmatter,90
84661,REVIEW,canonical,84661,summary;headmatter,8658
84663,REVIEW,canonical,84663,summary;headmatter,7843
84665,REVIEW,canonical,84665,summary;headmatter,10040
84666,REVIEW,canonical,84666,summary;headmatter,6213
84667,REVIEW,canonical,84667,summary;headmatter,24147
84669,REVIEW,canonical,84669,summary;headmatter,18471
84670,REVIEW,canonical,84670,summary;headmatter,4982
84680,KEEP,canonical,84680,summary;headmatter,17843
84681,KEEP,canonical,84681,summary;headmatter,63955
84683,KEEP,canonical,84683,headnotes;summary;headmatter,14639
84684,KEEP,canonical,84684,summary;headmatter,5120
84685,KEEP,canonical,84685,headnotes;summary;headmatter,51630
84686,KEEP,canonical,84686,summary;headmatter,7628
84689,KEEP,canonical,84689,summary;headmatter,7345
84690,KEEP,canonical,84690,summary;headmatter,3540
84693,KEEP,canonical,84693,summary;headmatter,10682
84698,KEEP,canonical,84698,summary;headmatter,195106
84699,REVIEW,canonical,84699,summary;headmatter,32145
84701,REVIEW,canonical,84701,summary;headmatter,2396
84703,REVIEW,canonical,84703,summary;headmatter,4241
84704,REVIEW,canonical,84704,summary;headmatter,8599
84706,KEEP,canonical,84706,headnotes;summary;headmatter,9062
84754,KEEP,canonical,84754,headnotes;summary;headmatter,101931
84755,KEEP,canonical,84755,headnotes;summary;headmatter,200260
84756,KEEP,canonical,84756,headnotes;summary;headmatter,25329
84759,KEEP,canonical,84759,headnotes;summary;headmatter,78573
84760,KEEP,canonical,84760,headnotes;summary;headmatter,44036
84761,KEEP,canonical,84761,headnotes;summary;headmatter,77797
84763,KEEP,canonical,84763,summary;headmatter,69158
84764,KEEP,canonical,84764,headnotes;summary;headmatter,49268
84765,KEEP,canonical,84765,headnotes;summary;headmatter,16479
84767,KEEP,canonical,84767,headnotes;summary;headmatter;disposition,37889
84768,KEEP,canonical,84768,headnotes;summary;headmatter,35678
84769,KEEP,canonical,84769,headnotes;summary;headmatter,44006
84770,KEEP,canonical,84770,headnotes;summary;headmatter,24633
84771,KEEP,canonical,84771,headnotes;summary;headmatter,6158
84772,KEEP,canonical,84772,summary;headmatter,44085
84774,KEEP,canonical,84774,headnotes;summary;headmatter,86787
84775,KEEP,canonical,84775,headnotes;summary;headmatter,438
84782,KEEP,canonical,84782,headnotes;summary;headmatter;arguments,20950
84793,KEEP,canonical,84793,headnotes;summary;headmatter;arguments,92340
84794,KEEP,canonical,84794,headnotes;summary;headmatter;arguments,36303
84795,KEEP,canonical,84795,headnotes;summary;headmatter;arguments,262123
84796,KEEP,canonical,84796,headnotes;summary;headmatter;arguments,69758
84798,KEEP,canonical,84798,headnotes;summary;headmatter;arguments,149422
84799,KEEP,canonical,84799,headnotes;summary;headmatter;arguments,72044
84802,KEEP,canonical,84802,headnotes;summary;headmatter;arguments,4885
84805,KEEP,canonical,84805,headnotes;summary;headmatter;arguments;history,66314
84810,KEEP,canonical,84810,headnotes;summary;headmatter;arguments,22153
84812,KEEP,canonical,84812,headnotes;summary;headmatter;arguments,3710
84813,KEEP,canonical,84813,headnotes;summary;headmatter,7206
84814,KEEP,canonical,84814,headnotes;summary;headmatter;arguments,45171
84815,KEEP,canonical,84815,headnotes;summary;headmatter;arguments,30367
84817,KEEP,canonical,84817,headnotes;summary;headmatter,7886
84818,KEEP,canonical,84818,headnotes;summary;headmatter;arguments,27313
84822,KEEP,canonical,84822,headnotes;summary;headmatter;arguments,20888
84823,KEEP,canonical,84823,headnotes;summary;headmatter;arguments,57241
84824,KEEP,canonical,84824,headnotes;summary;headmatter;arguments,84728
84825,KEEP,canonical,84825,headnotes;summary;headmatter;arguments,42613
84826,KEEP,canonical,84826,headnotes;summary;headmatter;arguments,108073
84829,KEEP,canonical,84829,headnotes;summary;headmatter;arguments,132963
84831,KEEP,canonical,84831,headnotes;summary;headmatter;arguments,12637
84833,KEEP,canonical,84833,headnotes;summary;headmatter;arguments,25861
84835,KEEP,canonical,84835,headnotes;summary;headmatter;arguments,84284
84836,KEEP,canonical,84836,headnotes;summary;headmatter;arguments,52477
84837,KEEP,canonical,84837,headnotes;summary;headmatter;arguments,5245
84838,KEEP,canonical,84838,headnotes;summary;headmatter;arguments,35239
84839,KEEP,canonical,84839,headnotes;summary;headmatter;arguments,11438
84840,KEEP,canonical,84840,headnotes;summary;headmatter;arguments,33444
84842,KEEP,canonical,84842,headnotes;summary;headmatter;arguments,92864
84844,KEEP,canonical,84844,headnotes;summary;headmatter;arguments,55267
84848,KEEP,canonical,84848,headnotes;summary;headmatter;arguments,10941
84849,KEEP,canonical,84849,headnotes;summary;headmatter;arguments,17875
84850,KEEP,canonical,84850,headnotes;summary;headmatter,5219
84852,KEEP,canonical,84852,headnotes;summary;headmatter;arguments,4709
84853,KEEP,canonical,84853,headnotes;summary;headmatter;arguments,57892
84854,KEEP,canonical,84854,headnotes;summary;headmatter;arguments,17546
84855,KEEP,canonical,84855,headnotes;summary;headmatter;arguments,12938
84856,KEEP,canonical,84856,headnotes;summary;headmatter;arguments,8355
84857,KEEP,canonical,84857,headnotes;summary;headmatter;arguments,14907
84859,KEEP,canonical,84859,headnotes;summary;headmatter,4463
84861,KEEP,canonical,84861,headnotes;summary;headmatter;arguments,119428
84862,KEEP,canonical,84862,headnotes;summary;headmatter,2970
84863,KEEP,canonical,84863,headnotes;summary;headmatter;arguments,15431
84867,KEEP,canonical,84867,headnotes;summary;headmatter,3146
84869,KEEP,canonical,84869,headnotes;summary;headmatter;arguments,16206
84870,KEEP,canonical,84870,headnotes;summary;headmatter;arguments,36691
84871,KEEP,canonical,84871,headnotes;summary;headmatter;arguments,50842
84873,KEEP,canonical,84873,headnotes;summary;headmatter;arguments,14962
84876,KEEP,canonical,84876,headnotes;summary;headmatter;arguments,8661
84877,KEEP,canonical,84877,headnotes;summary;headmatter;arguments,8815
84879,KEEP,canonical,84879,headnotes;summary;headmatter;arguments,14603
84880,KEEP,canonical,84880,headnotes;summary;headmatter;arguments,39050
84882,KEEP,canonical,84882,headnotes;summary;headmatter,3246
84884,KEEP,canonical,84884,headnotes;summary;headmatter,21507
84885,KEEP,canonical,84885,headnotes;summary;headmatter,6170
84886,KEEP,canonical,84886,headnotes;summary;headmatter,6110
84888,KEEP,canonical,84888,headnotes;summary;headmatter,8220
84889,KEEP,canonical,84889,headnotes;summary;headmatter,40079
84890,KEEP,canonical,84890,headnotes;summary;headmatter,20563
84892,KEEP,canonical,84892,headnotes;summary;headmatter,9661
84894,KEEP,canonical,84894,headnotes;summary;headmatter,94538
84896,KEEP,canonical,84896,headnotes;summary;headmatter,39888
84897,KEEP,canonical,84897,headnotes;summary;headmatter,86936
84898,KEEP,canonical,84898,headnotes;summary;headmatter,29668
84899,KEEP,canonical,84899,headnotes;summary;headmatter,43383
84902,KEEP,canonical,84902,headnotes;summary;headmatter,122592
84903,KEEP,canonical,84903,headnotes;summary;headmatter,30450
84905,KEEP,canonical,84905,headnotes;summary;headmatter,36190
84907,KEEP,canonical,84907,headnotes;summary;headmatter,8947
84908,KEEP,canonical,84908,headnotes;summary;headmatter,9033
84911,KEEP,canonical,84911,headnotes;summary;headmatter,37466
84912,KEEP,canonical,84912,headnotes;summary;headmatter,20575
84913,KEEP,canonical,84913,headnotes;summary;headmatter,7116
84914,KEEP,canonical,84914,headnotes;summary;headmatter,11712
84915,KEEP,canonical,84915,headnotes;summary;headmatter,2521
84916,KEEP,canonical,84916,headnotes;summary;headmatter,27472
84919,KEEP,canonical,84919,headnotes;summary;headmatter,25785
84921,KEEP,canonical,84921,headnotes;summary;headmatter,11645
84926,KEEP,canonical,84926,headnotes;summary;headmatter,9339
84927,KEEP,canonical,84927,headnotes;summary;headmatter;arguments,55676
84928,KEEP,canonical,84928,headnotes;summary;headmatter;arguments,61233
84929,KEEP,canonical,84929,headnotes;summary;headmatter;arguments,2429
84931,KEEP,canonical,84931,headnotes;summary;headmatter;arguments,60753
84932,KEEP,canonical,84932,headnotes;summary;headmatter;arguments,37986
84933,KEEP,canonical,84933,headnotes;summary;headmatter;arguments,6450
84935,KEEP,canonical,84935,headnotes;summary;headmatter;arguments,183080
84936,KEEP,canonical,84936,headnotes;summary;headmatter;arguments,47277
84938,KEEP,canonical,84938,headnotes;summary;headmatter;arguments,25233
84941,KEEP,canonical,84941,headnotes;summary;headmatter;arguments,32560
84944,KEEP,canonical,84944,headnotes;summary;headmatter;arguments,56488
84946,KEEP,canonical,84946,headnotes;summary;headmatter;arguments,21506
84947,KEEP,canonical,84947,headnotes;summary;headmatter;arguments,11280
84949,KEEP,canonical,84949,headnotes;summary;headmatter;arguments,42816
84951,KEEP,canonical,84951,headnotes;summary;headmatter;arguments,41512
84952,KEEP,canonical,84952,headnotes;summary;headmatter,2978
84953,KEEP,canonical,84953,headnotes;summary;headmatter;arguments,18910
84954,KEEP,canonical,84954,headnotes;summary;headmatter,17354
84955,KEEP,canonical,84955,headnotes;summary;headmatter;arguments,13624
84956,KEEP,canonical,84956,headnotes;summary;headmatter;arguments,87738
84957,KEEP,canonical,84957,headnotes;summary;headmatter;arguments,24177
84962,KEEP,canonical,84962,headnotes;summary;headmatter;arguments,8863
84963,KEEP,canonical,84963,headnotes;summary;headmatter,2886
84965,KEEP,canonical,84965,headnotes;summary;headmatter,77465
84967,KEEP,canonical,84967,headnotes;summary;headmatter,17877
84968,KEEP,canonical,84968,headnotes;summary;headmatter,2284
84969,KEEP,canonical,84969,headnotes;summary;headmatter,55139
84970,KEEP,canonical,84970,headnotes;summary;headmatter,37659
84971,KEEP,canonical,84971,headnotes;summary;headmatter,98152
84972,KEEP,canonical,84972,headnotes;summary;headmatter;arguments,29589
84973,KEEP,canonical,84973,headnotes;summary;headmatter,1352
84974,KEEP,canonical,84974,headnotes;summary;headmatter,2423
84977,KEEP,canonical,84977,headnotes;headmatter,434
84978,KEEP,canonical,84978,headnotes;summary;headmatter,87970
84979,KEEP,canonical,84979,headnotes;summary;headmatter,1116
84981,KEEP,canonical,84981,headnotes;summary;headmatter,9067
84982,KEEP,canonical,84982,headnotes;summary;headmatter,13984
84983,KEEP,canonical,84983,headnotes;summary;headmatter,1463
84986,KEEP,canonical,84986,headnotes;summary;headmatter,63109
84989,KEEP,canonical,84989,headnotes;summary;headmatter,7738
84991,KEEP,canonical,84991,headnotes;summary;headmatter,80390
84993,KEEP,canonical,84993,headnotes;summary;headmatter,9591
84994,KEEP,canonical,84994,headnotes;summary;headmatter,12027
84999,KEEP,canonical,84999,headnotes;summary;headmatter,893
85001,KEEP,canonical,85001,headnotes;summary;headmatter,3622
85002,KEEP,canonical,85002,headnotes;summary;headmatter,14140
85003,KEEP,canonical,85003,headnotes;summary;headmatter,17479
85004,KEEP,canonical,85004,headnotes;summary;headmatter,58641
85005,KEEP,canonical,85005,headnotes;summary;headmatter,5932
85006,KEEP,canonical,85006,headnotes;summary;headmatter,16143
85007,KEEP,canonical,85007,headnotes;summary;headmatter,25057
85009,KEEP,canonical,85009,headnotes;summary;headmatter,11793
85012,KEEP,canonical,85012,headnotes;summary;headmatter,15269
85013,KEEP,canonical,85013,headnotes;summary;headmatter,3134
85014,KEEP,canonical,85014,headnotes;summary;headmatter,7475
85015,KEEP,canonical,85015,headnotes;summary;headmatter,28062
85017,KEEP,canonical,85017,headnotes;summary;headmatter,10061
85019,KEEP,canonical,85019,headnotes;summary;headmatter,8945
85021,KEEP,canonical,85021,headnotes;summary;headmatter,20754
85022,KEEP,canonical,85022,headnotes;summary;headmatter,8532
85026,KEEP,canonical,85026,headnotes;summary;headmatter,62546
85027,KEEP,canonical,85027,headnotes;summary;headmatter,41304
85028,KEEP,canonical,85028,headnotes;summary;headmatter,17455
85029,KEEP,canonical,85029,headnotes;summary;headmatter,11416
85030,KEEP,canonical,85030,headnotes;summary;headmatter,8657
85032,KEEP,canonical,85032,headnotes;summary;headmatter,3388
85033,KEEP,canonical,85033,headnotes;summary;headmatter,4393
85034,KEEP,canonical,85034,headnotes;summary;headmatter,130332
85035,KEEP,canonical,85035,headnotes;summary;headmatter,6750
85037,KEEP,canonical,85037,headnotes;summary;headmatter,7768
85038,KEEP,canonical,85038,headnotes;summary;headmatter,9045
85039,KEEP,canonical,85039,headnotes;summary;headmatter,1333
85040,KEEP,canonical,85040,headnotes;summary;headmatter,1688
85042,KEEP,canonical,85042,headnotes;summary;headmatter,16325
85043,KEEP,canonical,85043,headnotes;summary;headmatter,10081
85045,KEEP,canonical,85045,headnotes;summary;headmatter,68767
85048,KEEP,canonical,85048,headnotes;summary;headmatter;arguments,10979
85049,KEEP,canonical,85049,headnotes;summary;headmatter;arguments,36344
85050,KEEP,canonical,85050,headnotes;summary;headmatter,2200
85052,KEEP,canonical,85052,headnotes;summary;headmatter,8138
85054,KEEP,canonical,85054,headnotes;summary;headmatter;arguments,10367
85055,KEEP,canonical,85055,headnotes;summary;headmatter,4552
85056,KEEP,canonical,85056,headnotes;summary;headmatter;arguments,12591
85057,KEEP,canonical,85057,headnotes;summary;headmatter;arguments,32208
85061,KEEP,canonical,85061,headnotes;summary;headmatter,1280
85062,KEEP,canonical,85062,headnotes;summary;headmatter;arguments,56101
85063,KEEP,canonical,85063,headnotes;summary;headmatter;arguments,24879
85065,KEEP,canonical,85065,headnotes;summary;headmatter;arguments,43646
85066,KEEP,canonical,85066,headnotes;summary;headmatter;arguments,72928
85067,KEEP,canonical,85067,headnotes;summary;headmatter;arguments,23189
85068,KEEP,canonical,85068,headnotes;summary;headmatter;arguments,74167
85069,KEEP,canonical,85069,headnotes;summary;headmatter,1457
85070,KEEP,canonical,85070,headnotes;summary;headmatter;arguments,101373
85071,KEEP,canonical,85071,headnotes;summary;headmatter;arguments,49303
85073,KEEP,duplicate,1394601,headnotes;summary;headmatter,2374
85074,KEEP,canonical,85074,headnotes;summary;headmatter,2722
85076,KEEP,canonical,85076,headnotes;summary;headmatter,8020
85077,KEEP,canonical,85077,headnotes;summary;headmatter;arguments,8878
85078,KEEP,canonical,85078,headnotes;summary;headmatter;arguments,44488
85079,KEEP,canonical,85079,headnotes;summary;headmatter;arguments,31113
85080,KEEP,canonical,85080,headnotes;summary;headmatter,4082
85081,KEEP,canonical,85081,headnotes;summary;headmatter;arguments,31035
85082,KEEP,canonical,85082,headnotes;summary;headmatter,1895
85083,KEEP,canonical,85083,headnotes;summary;headmatter;arguments,29582
85084,KEEP,canonical,85084,headnotes;summary;headmatter;arguments,15751
85085,KEEP,canonical,85085,headnotes;summary;headmatter;arguments,13878
85088,KEEP,canonical,85088,headnotes;summary;headmatter,1756
85089,KEEP,canonical,85089,headnotes;summary;headmatter,8778
85090,KEEP,canonical,85090,headnotes;summary;headmatter,22047
85091,KEEP,canonical,85091,headnotes;summary;headmatter,20586
85092,KEEP,canonical,85092,headnotes;summary;headmatter,31432
85093,KEEP,canonical,85093,headnotes;summary;headmatter,9292
85094,KEEP,canonical,85094,headnotes;summary;headmatter,13061
85095,KEEP,canonical,85095,headnotes;summary;headmatter,20624
85096,KEEP,canonical,85096,headnotes;summary;headmatter,13558
85097,KEEP,canonical,85097,headnotes;summary;headmatter,1377
85098,KEEP,canonical,85098,headnotes;summary;headmatter,36080
85099,KEEP,canonical,85099,headnotes;summary;headmatter,33978
85100,KEEP,canonical,85100,headnotes;summary;headmatter,2963
85102,KEEP,canonical,85102,headnotes;summary;headmatter,1720
85103,KEEP,canonical,85103,headnotes;summary;headmatter,9789
85104,KEEP,canonical,85104,headnotes;summary;headmatter,63914
85105,KEEP,canonical,85105,headnotes;summary;headmatter,1679
85106,KEEP,canonical,85106,headnotes;headmatter,2507
85107,KEEP,canonical,85107,headnotes;summary;headmatter,2802
85108,KEEP,canonical,85108,headnotes;summary;headmatter,23542
85109,KEEP,canonical,85109,headnotes;summary;headmatter,4326
85110,KEEP,canonical,85110,headnotes;summary;headmatter,6567
85111,KEEP,canonical,85111,headnotes;summary;headmatter,20751
85112,KEEP,canonical,85112,headnotes;summary;headmatter,19204
85113,KEEP,canonical,85113,headnotes;summary;headmatter,11821
85114,KEEP,canonical,85114,headnotes;summary;headmatter,8002
85115,KEEP,canonical,85115,headnotes;summary;headmatter,4252
85116,KEEP,canonical,85116,headnotes;summary;headmatter,87247
85117,KEEP,canonical,85117,headnotes;summary;headmatter,5002
85118,KEEP,canonical,85118,headnotes;summary;headmatter,187220
85119,KEEP,canonical,85119,headnotes;summary;headmatter,992
85120,KEEP,canonical,85120,headnotes;summary;headmatter,149255
85121,KEEP,canonical,85121,headnotes;summary;headmatter,70517
85122,KEEP,canonical,85122,headnotes;summary;headmatter,24728
85123,KEEP,canonical,85123,headnotes;summary;headmatter,990
85124,KEEP,canonical,85124,headnotes;summary;headmatter,5267
85126,KEEP,canonical,85126,headnotes;summary;headmatter,1811
85127,KEEP,canonical,85127,headnotes;summary;headmatter,115227
85128,KEEP,canonical,85128,headnotes;summary;headmatter,148298
85129,KEEP,canonical,85129,headnotes;summary;headmatter;arguments,8287
85130,KEEP,canonical,85130,headnotes;summary;headmatter;arguments,9290
85131,KEEP,canonical,85131,headnotes;summary;headmatter;arguments,18680
85132,KEEP,canonical,85132,headnotes;summary;headmatter;arguments,12842
85133,KEEP,canonical,85133,headnotes;summary;headmatter;arguments,41241
85134,KEEP,canonical,85134,headnotes;summary;headmatter;arguments,32759
85135,KEEP,canonical,85135,headnotes;summary;headmatter;arguments,16638
85136,KEEP,canonical,85136,headnotes;summary;headmatter;arguments,24671
85138,KEEP,canonical,85138,headnotes;summary;headmatter;arguments,10267
85139,KEEP,canonical,85139,headnotes;summary;headmatter;arguments,22189
85140,KEEP,canonical,85140,headnotes;summary;headmatter;arguments,3798
85141,KEEP,canonical,85141,headnotes;summary;headmatter;arguments,19987
85142,KEEP,canonical,85142,headnotes;summary;headmatter;arguments;disposition,11231
85143,KEEP,canonical,85143,headnotes;summary;headmatter,3096
85144,KEEP,canonical,85144,headnotes;summary;headmatter,903
85145,KEEP,canonical,85145,headnotes;summary;headmatter,1233
85146,KEEP,canonical,85146,headnotes;summary;headmatter,2381
85148,KEEP,canonical,85148,headnotes;summary;headmatter;arguments,26495
85149,KEEP,canonical,85149,headnotes;summary;headmatter,4748
85150,KEEP,canonical,85150,headnotes;summary;headmatter;arguments,13455
85151,KEEP,canonical,85151,headnotes;summary;headmatter,7222
85152,KEEP,canonical,85152,headnotes;summary;headmatter;arguments,19365
85153,KEEP,canonical,85153,headnotes;summary;headmatter,9355
85154,KEEP,canonical,85154,headnotes;summary;headmatter;arguments,52009
85155,KEEP,canonical,85155,headnotes;summary;headmatter;arguments,10771
85156,KEEP,canonical,85156,headnotes;summary;headmatter,2347
85157,KEEP,canonical,85157,headnotes;summary;headmatter;arguments,13471
85158,KEEP,canonical,85158,headnotes;summary;headmatter,3628
85159,KEEP,canonical,85159,headnotes;summary;headmatter,2115
85160,KEEP,canonical,85160,headnotes;summary;headmatter;arguments,69785
85161,KEEP,canonical,85161,headnotes;summary;headmatter;arguments,19361
85162,KEEP,canonical,85162,headnotes;summary;headmatter;arguments,4996
85163,KEEP,canonical,85163,headnotes;summary;headmatter,3704
85164,KEEP,canonical,85164,headnotes;summary;headmatter,1597
85165,KEEP,canonical,85165,headnotes;summary;headmatter,2142
85166,KEEP,canonical,85166,headnotes;summary;headmatter;arguments,15797
85167,KEEP,canonical,85167,headnotes;summary;headmatter;arguments,36828
85168,KEEP,canonical,85168,headnotes;summary;headmatter;arguments,22183
85169,KEEP,canonical,85169,headnotes;summary;headmatter,2497
85170,KEEP,canonical,85170,headnotes;summary;headmatter,9307
85171,KEEP,canonical,85171,headnotes;summary;headmatter,28267
85172,KEEP,canonical,85172,headnotes;summary;headmatter,10914
85173,KEEP,canonical,85173,headnotes;summary;headmatter,8285
85174,KEEP,canonical,85174,headnotes;summary;headmatter,12525
85175,KEEP,canonical,85175,headnotes;summary;headmatter,6898
85176,KEEP,canonical,85176,headnotes;summary;headmatter,32021
85177,KEEP,canonical,85177,headnotes;headmatter,1065
85178,KEEP,canonical,85178,headnotes;summary;headmatter,11386
85179,KEEP,canonical,85179,headnotes;summary;headmatter,4723
85180,KEEP,canonical,85180,headnotes;summary;headmatter,3202
85181,KEEP,canonical,85181,headnotes;headmatter,1443
85182,KEEP,canonical,85182,headnotes;summary;headmatter,26425
85183,KEEP,canonical,85183,headnotes;summary;headmatter,19265
85184,KEEP,canonical,85184,headnotes;summary;headmatter,12996
85185,KEEP,canonical,85185,headnotes;summary;headmatter,12799
85189,KEEP,canonical,85189,headnotes;summary;headmatter,1659
85190,KEEP,canonical,85190,headnotes;headmatter,6523
85191,KEEP,canonical,85191,headnotes;summary;headmatter,5789
85192,KEEP,canonical,85192,headnotes;summary;headmatter,41984
85194,KEEP,canonical,85194,headnotes;summary;headmatter,36572
85195,KEEP,canonical,85195,headnotes;summary;headmatter,1235
85196,KEEP,canonical,85196,headnotes;summary;headmatter,5779
85197,KEEP,canonical,85197,headnotes;summary;headmatter,26246
85198,KEEP,canonical,85198,headnotes;headmatter,4391
85199,KEEP,canonical,85199,headnotes;summary;headmatter,7667
85200,KEEP,canonical,85200,headnotes;summary;headmatter,12010
85201,KEEP,canonical,85201,headnotes;summary;headmatter,13296
85202,KEEP,canonical,85202,headnotes;summary;headmatter,38905
85203,KEEP,canonical,85203,headnotes;summary;headmatter,15006
85204,KEEP,canonical,85204,headnotes;summary;headmatter,4728
85205,KEEP,canonical,85205,headnotes;summary;headmatter,2859
85206,KEEP,canonical,85206,headnotes;summary;headmatter,9839
85207,KEEP,canonical,85207,headnotes;headmatter,1699
85208,KEEP,canonical,85208,headnotes;headmatter,1414
85209,KEEP,canonical,85209,headnotes;summary;headmatter,1200
85210,KEEP,canonical,85210,headnotes;summary;headmatter,10060
85212,KEEP,canonical,85212,headnotes;summary;headmatter,99311
85213,KEEP,canonical,85213,headnotes;summary;headmatter,40421
85215,KEEP,canonical,85215,headnotes;summary;headmatter,857
85219,KEEP,canonical,85219,headnotes;summary;headmatter,1103
85221,KEEP,canonical,85221,headnotes;summary;headmatter,16753
85222,KEEP,canonical,85222,headnotes;summary;headmatter,7938
85224,KEEP,canonical,85224,headnotes;summary;headmatter,18723
85228,KEEP,canonical,85228,headnotes;summary;headmatter,898
85230,KEEP,canonical,85230,headnotes;summary;headmatter,4382
85235,KEEP,canonical,85235,headnotes;summary;headmatter,19198
85236,KEEP,canonical,85236,headnotes;summary;headmatter,3617
85238,KEEP,canonical,85238,headnotes;summary;headmatter,8715
85241,KEEP,canonical,85241,headnotes;summary;headmatter,15500
85250,KEEP,canonical,85250,headnotes;summary;headmatter;arguments,110814
85254,KEEP,canonical,85254,headnotes;headmatter,2296
85255,KEEP,canonical,85255,headnotes;summary;headmatter,1075
85259,KEEP,canonical,85259,headnotes;summary;headmatter,2255
85264,KEEP,canonical,85264,headnotes;summary;headmatter,26695
85266,KEEP,canonical,85266,headnotes;summary;headmatter;arguments,10467
85270,KEEP,canonical,85270,headnotes;summary;headmatter;arguments,21878
85272,KEEP,canonical,85272,headnotes;summary;headmatter;arguments,305750
85278,KEEP,canonical,85278,headnotes;summary;headmatter,14551
85280,KEEP,canonical,85280,headnotes;headmatter,1814
85281,KEEP,canonical,85281,headnotes;headmatter,1613
85283,KEEP,canonical,85283,headnotes;summary;headmatter;arguments,39602
85286,KEEP,canonical,85286,headnotes;summary;headmatter;arguments,13485
85287,KEEP,canonical,85287,headnotes;summary;headmatter;arguments,19337
85288,KEEP,canonical,85288,headnotes;summary;headmatter;arguments,19005
85290,KEEP,canonical,85290,headnotes;summary;headmatter,31840
85295,KEEP,canonical,85295,headnotes;summary;headmatter;arguments,34526
85296,KEEP,canonical,85296,headnotes;summary;headmatter,6364
85301,KEEP,canonical,85301,headnotes;headmatter,2574
85302,KEEP,canonical,85302,headnotes;summary;headmatter;arguments,12422
85308,KEEP,canonical,85308,headnotes;headmatter,462
1119427,KEEP,duplicate,84942,headnotes;summary;headmatter,1666
1119486,KEEP,canonical,1119486,headnotes;summary;headmatter,2204
1299599,KEEP,canonical,1299599,summary;headmatter,2492
1299604,REVIEW,canonical,1299604,summary;headmatter,14863
1299622,REVIEW,canonical,1299622,summary;headmatter,6406
1299628,REVIEW,canonical,1299628,summary;headmatter,8130
1300165,REVIEW,canonical,1300165,summary;headmatter,5278
1303472,REVIEW,canonical,1303472,summary;headmatter,1590
1303501,REVIEW,canonical,1303501,summary;headmatter,3953
1303508,REVIEW,canonical,1303508,summary;headmatter,11739
1303513,REVIEW,canonical,1303513,summary;headmatter,2834
1303605,REVIEW,canonical,1303605,summary;headmatter,7517
1303682,REVIEW,canonical,1303682,summary;headmatter,1451
1303693,REVIEW,canonical,1303693,summary;headmatter,3486
1303706,REVIEW,canonical,1303706,summary;headmatter,472
1303716,REVIEW,canonical,1303716,summary;headmatter,11366
1303722,REVIEW,canonical,1303722,summary;headmatter,4289
1303728,REVIEW,canonical,1303728,summary;headmatter,5070
1304346,KEEP,canonical,1304346,summary;headmatter,1606
1304349,REVIEW,canonical,1304349,summary;headmatter,6371
1306761,KEEP,canonical,1306761,summary;headmatter,1800
1390946,KEEP,canonical,1390946,headnotes;summary;headmatter;arguments,36255
1394575,KEEP,duplicate,1394601,headnotes;summary;headmatter;arguments,16464
1394601,KEEP,canonical,1394601,headnotes;summary;headmatter;arguments,40892
1394610,KEEP,duplicate,1394601,headnotes;summary;headmatter;arguments,60919
1655414,KEEP,canonical,1655414,headnotes;summary;headmatter,3622
2095284,KEEP,canonical,2095284,summary;headmatter,2528
2096950,KEEP,canonical,2096950,summary;headmatter,9378
2160646,KEEP,canonical,2160646,summary;headmatter,61750
2215103,KEEP,canonical,2215103,summary;headmatter,1785
2216108,KEEP,canonical,2216108,summary;headmatter,69961
2217721,KEEP,canonical,2217721,summary;headmatter,2760
2219105,KEEP,canonical,2219105,summary;headmatter,1341
2220732,KEEP,canonical,2220732,summary;headmatter,13358
2223136,REVIEW,canonical,2223136,summary;headmatter,23633
2224796,KEEP,canonical,2224796,summary;headmatter,6218
2225264,KEEP,canonical,2225264,summary;headmatter,52934
2228460,REVIEW,canonical,2228460,summary;headmatter,22112
2229179,KEEP,canonical,2229179,summary;headmatter,126661
2229888,KEEP,canonical,2229888,summary;headmatter,3062
2230740,KEEP,canonical,2230740,summary;headmatter,104208
2233860,REVIEW,canonical,2233860,summary;headmatter,1352
2273280,KEEP,canonical,2273280,summary;headmatter,13398
2346358,KEEP,canonical,2346358,summary;headmatter,38103
2347065,KEEP,canonical,2347065,summary;headmatter,2415
2351149,KEEP,canonical,2351149,summary;headmatter,137975
2419163,KEEP,canonical,2419163,headnotes;summary;headmatter,1204
2490086,KEEP,duplicate,85025,headnotes;summary;headmatter,4797
2490089,KEEP,canonical,2490089,headnotes;summary;headmatter,1338
2490201,KEEP,canonical,2490201,headnotes;headmatter,399
2490480,KEEP,canonical,2490480,headnotes;summary;headmatter,3606
2527082,KEEP,canonical,2527082,headnotes;summary;headmatter,27376
2620972,KEEP,canonical,2620972,headnotes;headmatter,281
2620973,KEEP,canonical,2620973,headnotes;summary;headmatter,2141
2620974,KEEP,canonical,2620974,headnotes;summary;headmatter,2307
2620975,KEEP,canonical,2620975,headnotes;headmatter,377
5819250,REVIEW,canonical,5819250,headnotes;summary,1031
6725725,REVIEW,canonical,6725725,headnotes,27
6725726,REVIEW,canonical,6725726,headnotes;summary,4129
6725727,REVIEW,canonical,6725727,headnotes;summary,6191
6725728,REVIEW,canonical,6725728,headnotes;summary,5344
6725729,REVIEW,canonical,6725729,headnotes;summary,11041
6725730,REVIEW,canonical,6725730,headnotes;summary,3343
6725732,REVIEW,canonical,6725732,headnotes;summary,742
6725733,REVIEW,canonical,6725733,headnotes;summary,512
6725735,REVIEW,canonical,6725735,headnotes;summary,13499
6725736,REVIEW,canonical,6725736,headnotes;summary,324
6725738,REVIEW,canonical,6725738,headnotes;summary,15353
6725739,REVIEW,canonical,6725739,headnotes;summary,4749
6725741,REVIEW,canonical,6725741,headnotes;summary,6980
6726196,KEEP,canonical,6726196,headnotes;summary,449
6726198,KEEP,duplicate,2620814,headnotes;summary,581
6726199,KEEP,duplicate,84776,headnotes;summary;history,6705
6726201,KEEP,duplicate,84777,headnotes;summary,557
6726202,KEEP,canonical,6726202,headnotes;summary;history,6296
6726204,KEEP,duplicate,84778,headnotes;summary,14266
6726205,KEEP,duplicate,84779,headnotes;summary,1879
6726207,KEEP,duplicate,84780,headnotes;summary,17967
6726209,KEEP,duplicate,84781,headnotes;summary,13313
6726210,KEEP,duplicate,84783,headnotes;summary;history,2369
6726213,KEEP,duplicate,84784,headnotes;summary,25775
6726216,KEEP,duplicate,84785,headnotes;summary,16501
6726218,KEEP,canonical,6726218,headnotes;summary;history,4447
6726221,KEEP,canonical,6726221,headnotes;summary,941
6726222,KEEP,duplicate,84788,headnotes;summary,2272
6726223,KEEP,duplicate,84789,headnotes;summary,925
6726225,KEEP,canonical,6726225,headnotes;summary,11039
6726226,KEEP,duplicate,84791,headnotes;summary;history,1352
6726229,KEEP,duplicate,2620816,headnotes;summary,796
6726230,KEEP,duplicate,2620815,headnotes,165
6726231,KEEP,duplicate,84792,headnotes;summary,6372
6726233,KEEP,duplicate,84797,headnotes;summary,1692
6726235,KEEP,duplicate,84803,headnotes;summary,5224
6726237,KEEP,canonical,6726237,headnotes;summary,8462
6726239,KEEP,duplicate,84800,headnotes;summary,2026
6726241,KEEP,duplicate,84801,headnotes;summary,2492
6726243,KEEP,duplicate,84804,headnotes;summary,6425
6726245,KEEP,duplicate,84806,headnotes;summary,8725
6726246,KEEP,duplicate,84807,headnotes;summary,11776
6726248,KEEP,duplicate,84808,headnotes;summary,4710
6726249,KEEP,duplicate,84809,headnotes;summary,1282
6726250,KEEP,duplicate,2429586,headnotes;summary;disposition,355
6726254,KEEP,duplicate,84816,headnotes;summary,5294
6726255,KEEP,duplicate,84819,headnotes;summary,6922
6726257,KEEP,duplicate,84820,headnotes;summary,1094
6726258,KEEP,duplicate,84821,headnotes;summary,4134
6726262,KEEP,duplicate,84827,headnotes;summary,796
6726263,KEEP,duplicate,84828,headnotes;summary,5185
6726265,KEEP,duplicate,84830,headnotes;summary,3554
6726266,KEEP,duplicate,84832,headnotes;summary,6131
6726270,KEEP,duplicate,2429567,headnotes,161
6726273,KEEP,duplicate,2432524,headnotes;summary,312
6726275,KEEP,duplicate,84834,headnotes;summary,796
6726282,KEEP,duplicate,84841,headnotes;summary,2388
6726283,KEEP,duplicate,84843,headnotes;summary,4718
6726285,KEEP,duplicate,84845,headnotes;summary,871
6726287,KEEP,duplicate,84846,headnotes;summary,1289
6726294,KEEP,duplicate,84851,headnotes;summary,1617
6726300,KEEP,duplicate,84858,headnotes;summary,4858
6726301,KEEP,duplicate,84860,headnotes;summary,1995
6726303,KEEP,duplicate,84864,headnotes;summary,4105
6726305,KEEP,duplicate,84865,headnotes;summary,789
6726306,KEEP,duplicate,84866,headnotes;summary,2643
6726309,KEEP,duplicate,84868,headnotes;summary,3727
6726311,KEEP,duplicate,84872,headnotes;summary,2505
6726316,KEEP,duplicate,84874,headnotes;summary,762
6726317,KEEP,duplicate,84875,headnotes;summary,834
6726321,KEEP,duplicate,84878,headnotes;summary,6360
6726324,KEEP,duplicate,84881,headnotes;summary,664
6726328,KEEP,duplicate,84883,headnotes;summary,3692
6726334,KEEP,duplicate,84887,headnotes;summary,6885
6726337,KEEP,duplicate,84891,headnotes;summary,6829
6726342,KEEP,duplicate,84893,headnotes;summary,7221
6726346,KEEP,duplicate,84895,headnotes;summary,12658
6726353,KEEP,duplicate,84900,headnotes;summary,19092
6726354,KEEP,duplicate,84901,headnotes;summary,6311
6726359,KEEP,duplicate,84904,headnotes;summary,7640
6726364,KEEP,duplicate,84906,headnotes;summary,743
6726367,KEEP,duplicate,84909,headnotes;summary,1010
6726371,KEEP,duplicate,84910,headnotes;summary,1229
6726381,KEEP,duplicate,84917,headnotes;summary,2142
6726383,KEEP,duplicate,84918,headnotes;summary,12091
6726388,KEEP,duplicate,84920,headnotes;summary,5989
6726390,KEEP,duplicate,84922,headnotes;summary,3021
6726392,KEEP,duplicate,84923,headnotes;summary,6218
6726393,KEEP,duplicate,84924,headnotes;summary,6668
6726395,KEEP,duplicate,84925,headnotes;summary,2591
6726398,KEEP,duplicate,84930,headnotes;summary,1434
6726402,KEEP,duplicate,84934,headnotes;summary,920
6726405,KEEP,duplicate,84937,headnotes;summary,3457
6726407,KEEP,duplicate,84939,headnotes;summary,3284
6726408,KEEP,duplicate,84940,headnotes;summary,6355
6726411,KEEP,duplicate,84943,headnotes;summary,2771
6726413,KEEP,duplicate,84945,headnotes;summary,4368
6726415,KEEP,duplicate,84948,headnotes;summary,1262
6726419,KEEP,duplicate,84950,headnotes;summary,1635
6726426,KEEP,duplicate,84958,headnotes;summary,2759
6726427,KEEP,duplicate,84959,headnotes;summary,2646
6726428,KEEP,duplicate,84960,headnotes;summary,1399
6726429,KEEP,duplicate,84961,headnotes;summary,3827
6726432,KEEP,duplicate,84964,headnotes;summary,358
6726435,KEEP,duplicate,84966,headnotes;summary,5967
6726439,KEEP,duplicate,2490153,headnotes,217
6726442,KEEP,duplicate,84975,headnotes;summary,1052
6726443,KEEP,duplicate,84976,headnotes;summary,4356
6726446,KEEP,duplicate,84980,headnotes;summary,6978
6726452,KEEP,duplicate,84984,headnotes;summary,4698
6726453,KEEP,duplicate,84985,headnotes;summary,9719
6726456,KEEP,duplicate,84987,headnotes;summary,12750
6726457,KEEP,duplicate,84988,headnotes;summary,5852
6726460,KEEP,duplicate,84990,headnotes;summary,16458
6726463,KEEP,duplicate,84992,headnotes;summary,61493
6726470,KEEP,duplicate,84995,headnotes;summary,1055
6726471,KEEP,duplicate,84996,headnotes;summary,1073
6726473,KEEP,duplicate,84997,headnotes;summary,3291
6726475,KEEP,duplicate,84998,headnotes;summary,6706
6726477,KEEP,duplicate,85000,headnotes;summary,1539
6726485,KEEP,duplicate,85008,headnotes;summary,1585
6726488,KEEP,duplicate,85010,headnotes;summary,2405
6726489,KEEP,duplicate,85011,headnotes;summary,4431
6726495,KEEP,duplicate,85016,headnotes;summary,10703
6726496,KEEP,duplicate,85018,headnotes;summary,4846
6726499,KEEP,duplicate,85020,headnotes;summary,10892
6726501,KEEP,duplicate,85023,headnotes;summary,6042
6726503,KEEP,canonical,6726503,headnotes;summary,18759
6726509,KEEP,duplicate,85031,headnotes;summary,8295
6726511,KEEP,duplicate,85036,headnotes;summary,26201
6726514,KEEP,duplicate,85041,headnotes;summary,26140
6726518,KEEP,duplicate,85044,headnotes;summary,3424
6726521,KEEP,duplicate,85046,headnotes;summary,5257
6726523,KEEP,duplicate,85047,headnotes;summary,3810
6726528,KEEP,duplicate,85051,headnotes;summary,2580
6726529,KEEP,duplicate,85053,headnotes;summary,3162
6726534,KEEP,canonical,6726534,headnotes;summary,5042
6726536,KEEP,duplicate,85060,headnotes;summary,6632
6726540,KEEP,canonical,6726540,headnotes;summary,3242
6726549,KEEP,duplicate,1394601,headnotes;summary,278
6726550,KEEP,duplicate,1394601,headnotes;summary,2742
6726553,KEEP,duplicate,85075,headnotes;summary,3390
6726565,KEEP,canonical,6726565,headnotes;summary,4628
6726567,KEEP,duplicate,85087,headnotes;summary,9425
6726577,KEEP,duplicate,85137,headnotes;summary,8163
6726583,KEEP,duplicate,85147,headnotes;summary,2071
6726620,KEEP,duplicate,85187,headnotes;summary,10565
6726622,KEEP,duplicate,85188,headnotes;summary,15710
6726627,KEEP,duplicate,85193,headnotes;summary,14874
6726642,KEEP,duplicate,85211,headnotes;summary,612
6726649,KEEP,duplicate,85251,headnotes;summary,11334
6726651,KEEP,duplicate,85252,headnotes;summary,107
6726654,KEEP,duplicate,85253,headnotes;summary,1995
6726657,KEEP,duplicate,85256,headnotes;summary,988
6726658,KEEP,duplicate,85257,headnotes;summary,1120
6726660,KEEP,duplicate,85258,headnotes;summary,720
6726662,KEEP,duplicate,85260,headnotes;summary,1169
6726664,KEEP,duplicate,85261,headnotes;summary,5379
6726666,KEEP,duplicate,85262,headnotes;summary,2711
6726669,KEEP,duplicate,85263,headnotes;summary,3648
6726673,KEEP,duplicate,85265,headnotes;summary,1162
6726675,KEEP,duplicate,85267,headnotes;summary,4228
6726678,KEEP,duplicate,85268,headnotes;summary,10125
6726679,KEEP,duplicate,85269,headnotes;summary,10528
6726683,KEEP,canonical,6726683,headnotes;summary,3010
6726687,KEEP,duplicate,85273,headnotes;summary,2413
6726689,KEEP,canonical,6726689,headnotes;summary,11588
6726692,KEEP,duplicate,85275,headnotes;summary,10195
6726696,KEEP,duplicate,85276,headnotes;summary,5456
6726698,KEEP,duplicate,85277,headnotes;summary,3914
6726700,KEEP,canonical,6726700,headnotes;summary,3923
6726707,KEEP,duplicate,85282,headnotes;summary,54315
6726712,KEEP,duplicate,85284,headnotes;summary,2597
6726714,KEEP,duplicate,85285,headnotes,1090
6726722,KEEP,duplicate,85289,headnotes;summary,2617
6726729,KEEP,duplicate,85291,headnotes;summary,3357
6726733,KEEP,duplicate,85292,headnotes,856
6726735,KEEP,duplicate,85293,headnotes;summary,8279
6726736,KEEP,duplicate,85294,headnotes;summary,1051
6726739,KEEP,duplicate,85297,headnotes,926
6726740,KEEP,canonical,6726740,headnotes;summary,9300
6726741,KEEP,duplicate,85299,headnotes;summary,8751
6726743,KEEP,duplicate,85300,headnotes,1496
6726748,KEEP,duplicate,85303,headnotes;summary,8364
6726750,KEEP,duplicate,85304,headnotes;summary,5788
6726751,KEEP,duplicate,85305,headnotes,473
6726753,KEEP,duplicate,85306,headnotes,414
6726755,KEEP,duplicate,85307,headnotes,86
6726757,KEEP,duplicate,85309,headnotes;summary,625
8403131,KEEP,duplicate,84757,headnotes;summary,13563
8403132,KEEP,duplicate,84758,headnotes;summary,26897
8403133,KEEP,duplicate,84762,headnotes;summary,5224
8403134,KEEP,duplicate,84766,headnotes;summary,47762
8403135,KEEP,duplicate,84773,headnotes;summary,21486
8403136,KEEP,duplicate,2620768,headnotes;summary,1168
8403137,KEEP,duplicate,2620770,headnotes;summary,2782
8403138,KEEP,duplicate,85101,headnotes;summary,33706
8403139,KEEP,duplicate,85125,headnotes;summary,27505
8403272,REVIEW,canonical,8403272,summary,223
8403274,REVIEW,duplicate,8403273,summary,178
8403275,REVIEW,canonical,8403275,summary,230
8403276,REVIEW,canonical,8403276,summary,150988
8403277,REVIEW,canonical,8403277,summary,9637
8403278,REVIEW,canonical,8403278,summary,15159
8403279,REVIEW,canonical,8403279,summary,10263
8403280,REVIEW,canonical,8403280,summary,10630
8403281,REVIEW,canonical,8403281,summary,1058
8403282,REVIEW,canonical,8403282,summary,24191
8403283,REVIEW,canonical,8403283,summary,3000
8403284,REVIEW,canonical,8403284,summary,32300
8403285,REVIEW,canonical,8403285,summary,9820
8403286,REVIEW,canonical,8403286,summary,3916
8403287,REVIEW,canonical,8403287,summary,2451
8403288,REVIEW,canonical,8403288,summary,24232
8403289,REVIEW,canonical,8403289,headnotes;summary,3350
8403290,REVIEW,canonical,8403290,summary,202
8403291,REVIEW,canonical,8403291,summary,11173
8403389,KEEP,duplicate,85214,headnotes;summary,49962
8403390,KEEP,duplicate,85216,headnotes;summary,936
8403391,KEEP,duplicate,85217,headnotes;summary,439
8403392,KEEP,duplicate,85218,headnotes;summary,459
8403393,KEEP,duplicate,1101108,headnotes;summary,11985
8403394,KEEP,duplicate,85220,headnotes;summary,64912
8403395,KEEP,duplicate,85223,headnotes;summary,11036
8403396,KEEP,duplicate,85225,headnotes;summary,3748
8403397,KEEP,duplicate,85226,headnotes;summary,3134
8403398,KEEP,duplicate,85227,headnotes;summary,10965
8403399,KEEP,duplicate,85229,headnotes;summary,691
8403400,KEEP,duplicate,85231,headnotes;summary,1120
8403401,KEEP,duplicate,85232,headnotes;summary,94643
8403402,KEEP,duplicate,85233,headnotes;summary,61629
8403403,KEEP,canonical,8403403,headnotes;summary,14407
8403404,KEEP,duplicate,85237,headnotes;summary,12317
8403405,KEEP,duplicate,85239,headnotes;summary,60378
8403406,KEEP,duplicate,85240,headnotes;summary,8304
8403407,KEEP,duplicate,85242,headnotes;summary,6226
8403408,KEEP,duplicate,85243,headnotes;summary,17323
8403409,KEEP,duplicate,85244,headnotes;summary,21499
8403410,KEEP,duplicate,85245,headnotes;summary,2807
8403411,KEEP,duplicate,85246,headnotes;summary,1315
8403412,KEEP,duplicate,85247,headnotes;summary,638
8403413,KEEP,duplicate,85248,headnotes;summary,627
8403414,KEEP,duplicate,85249,headnotes;summary,26659
8670059,KEEP,duplicate,84847,headnotes;summary,3295
